date,business_owner,revenue,expense_category,expense_amount,total_expenses,profit,business_trend_%,index
2023-01,Tammy Mccarthy,43708.61,Marketing,7502.87,38691.49,5017.12,0.0,0
2023-01,Tammy Mccarthy,43708.61,Salaries,5201.99,38691.49,5017.12,0.0,1
2023-01,Tammy Mccarthy,43708.61,Rent,966.53,38691.49,5017.12,0.0,2
2023-01,Tammy Mccarthy,43708.61,Utilities,966.37,38691.49,5017.12,0.0,3
2023-01,Tammy Mccarthy,43708.61,Supplies,340.96,38691.49,5017.12,0.0,4
2023-01,Tammy Mccarthy,43708.61,Travel,11460.08,38691.49,5017.12,0.0,5
2023-01,Tammy Mccarthy,43708.61,Maintenance,5236.97,38691.49,5017.12,0.0,6
2023-01,Tammy Mccarthy,43708.61,Miscellaneous,7015.72,38691.49,5017.12,0.0,7
2023-02,Tammy Mccarthy,11852.6,Marketing,4244.31,10560.35,1292.25,-74.24,8
2023-02,Tammy Mccarthy,11852.6,Salaries,567.09,10560.35,1292.25,-74.24,9
2023-02,Tammy Mccarthy,11852.6,Rent,476.79,10560.35,1292.25,-74.24,10
2023-02,Tammy Mccarthy,11852.6,Utilities,481.38,10560.35,1292.25,-74.24,11
2023-02,Tammy Mccarthy,11852.6,Supplies,861.85,10560.35,1292.25,-74.24,12
2023-02,Tammy Mccarthy,11852.6,Travel,1767.47,10560.35,1292.25,-74.24,13
2023-02,Tammy Mccarthy,11852.6,Maintenance,1343.64,10560.35,1292.25,-74.24,14
2023-02,Tammy Mccarthy,11852.6,Miscellaneous,817.83,10560.35,1292.25,-74.24,15
2023-03,Tammy Mccarthy,65066.76,Marketing,2982.28,41762.98,23303.78,1703.34,16
2023-03,Tammy Mccarthy,65066.76,Salaries,3938.31,41762.98,23303.78,1703.34,17
2023-03,Tammy Mccarthy,65066.76,Rent,5255.96,41762.98,23303.78,1703.34,18
2023-03,Tammy Mccarthy,65066.76,Utilities,13274.53,41762.98,23303.78,1703.34,19
2023-03,Tammy Mccarthy,65066.76,Supplies,1922.52,41762.98,23303.78,1703.34,20
2023-03,Tammy Mccarthy,65066.76,Travel,6232.12,41762.98,23303.78,1703.34,21
2023-03,Tammy Mccarthy,65066.76,Maintenance,7746.72,41762.98,23303.78,1703.34,22
2023-03,Tammy Mccarthy,65066.76,Miscellaneous,410.54,41762.98,23303.78,1703.34,23
2023-04,Tammy Mccarthy,64679.04,Marketing,276.04,42116.22,22562.81,-3.18,24
2023-04,Tammy Mccarthy,64679.04,Salaries,12203.32,42116.22,22562.81,-3.18,25
2023-04,Tammy Mccarthy,64679.04,Rent,13832.28,42116.22,22562.81,-3.18,26
2023-04,Tammy Mccarthy,64679.04,Utilities,6780.78,42116.22,22562.81,-3.18,27
2023-04,Tammy Mccarthy,64679.04,Supplies,1490.85,42116.22,22562.81,-3.18,28
2023-04,Tammy Mccarthy,64679.04,Travel,421.77,42116.22,22562.81,-3.18,29
2023-04,Tammy Mccarthy,64679.04,Maintenance,4730.62,42116.22,22562.81,-3.18,30
2023-04,Tammy Mccarthy,64679.04,Miscellaneous,2380.56,42116.22,22562.81,-3.18,31
2023-05,Tammy Mccarthy,20983.44,Marketing,92.78,15707.22,5276.22,-76.62,32
2023-05,Tammy Mccarthy,20983.44,Salaries,6364.18,15707.22,5276.22,-76.62,33
2023-05,Tammy Mccarthy,20983.44,Rent,793.95,15707.22,5276.22,-76.62,34
2023-05,Tammy Mccarthy,20983.44,Utilities,2879.96,15707.22,5276.22,-76.62,35
2023-05,Tammy Mccarthy,20983.44,Supplies,990.38,15707.22,5276.22,-76.62,36
2023-05,Tammy Mccarthy,20983.44,Travel,1946.33,15707.22,5276.22,-76.62,37
2023-05,Tammy Mccarthy,20983.44,Maintenance,2097.75,15707.22,5276.22,-76.62,38
2023-05,Tammy Mccarthy,20983.44,Miscellaneous,541.89,15707.22,5276.22,-76.62,39
2023-06,Tammy Mccarthy,97262.62,Marketing,24507.36,80975.0,16287.61,208.7,40
2023-06,Tammy Mccarthy,97262.62,Salaries,19676.45,80975.0,16287.61,208.7,41
2023-06,Tammy Mccarthy,97262.62,Rent,7959.64,80975.0,16287.61,208.7,42
2023-06,Tammy Mccarthy,97262.62,Utilities,22273.73,80975.0,16287.61,208.7,43
2023-06,Tammy Mccarthy,97262.62,Supplies,809.51,80975.0,16287.61,208.7,44
2023-06,Tammy Mccarthy,97262.62,Travel,1905.78,80975.0,16287.61,208.7,45
2023-06,Tammy Mccarthy,97262.62,Maintenance,404.35,80975.0,16287.61,208.7,46
2023-06,Tammy Mccarthy,97262.62,Miscellaneous,3438.18,80975.0,16287.61,208.7,47
2023-07,Tammy Mccarthy,44980.96,Marketing,5691.87,30650.24,14330.72,-12.01,48
2023-07,Tammy Mccarthy,44980.96,Salaries,1423.25,30650.24,14330.72,-12.01,49
2023-07,Tammy Mccarthy,44980.96,Rent,1063.83,30650.24,14330.72,-12.01,50
2023-07,Tammy Mccarthy,44980.96,Utilities,2523.78,30650.24,14330.72,-12.01,51
2023-07,Tammy Mccarthy,44980.96,Supplies,489.97,30650.24,14330.72,-12.01,52
2023-07,Tammy Mccarthy,44980.96,Travel,5227.13,30650.24,14330.72,-12.01,53
2023-07,Tammy Mccarthy,44980.96,Maintenance,249.91,30650.24,14330.72,-12.01,54
2023-07,Tammy Mccarthy,44980.96,Miscellaneous,13980.49,30650.24,14330.72,-12.01,55
2023-08,Tammy Mccarthy,79502.03,Marketing,45.75,52440.71,27061.32,88.83,56
2023-08,Tammy Mccarthy,79502.03,Salaries,13961.57,52440.71,27061.32,88.83,57
2023-08,Tammy Mccarthy,79502.03,Rent,10138.01,52440.71,27061.32,88.83,58
2023-08,Tammy Mccarthy,79502.03,Utilities,10787.11,52440.71,27061.32,88.83,59
2023-08,Tammy Mccarthy,79502.03,Supplies,12187.91,52440.71,27061.32,88.83,60
2023-08,Tammy Mccarthy,79502.03,Travel,635.57,52440.71,27061.32,88.83,61
2023-08,Tammy Mccarthy,79502.03,Maintenance,3667.35,52440.71,27061.32,88.83,62
2023-08,Tammy Mccarthy,79502.03,Miscellaneous,1017.44,52440.71,27061.32,88.83,63
2023-09,Tammy Mccarthy,87679.31,Marketing,4347.65,69002.69,18676.62,-30.98,64
2023-09,Tammy Mccarthy,87679.31,Salaries,710.52,69002.69,18676.62,-30.98,65
2023-09,Tammy Mccarthy,87679.31,Rent,4030.3,69002.69,18676.62,-30.98,66
2023-09,Tammy Mccarthy,87679.31,Utilities,4255.63,69002.69,18676.62,-30.98,67
2023-09,Tammy Mccarthy,87679.31,Supplies,14151.12,69002.69,18676.62,-30.98,68
2023-09,Tammy Mccarthy,87679.31,Travel,10981.03,69002.69,18676.62,-30.98,69
2023-09,Tammy Mccarthy,87679.31,Maintenance,23611.8,69002.69,18676.62,-30.98,70
2023-09,Tammy Mccarthy,87679.31,Miscellaneous,6914.65,69002.69,18676.62,-30.98,71
2023-10,Tammy Mccarthy,20763.48,Marketing,4135.02,16900.92,3862.56,-79.32,72
2023-10,Tammy Mccarthy,20763.48,Salaries,2381.72,16900.92,3862.56,-79.32,73
2023-10,Tammy Mccarthy,20763.48,Rent,4260.76,16900.92,3862.56,-79.32,74
2023-10,Tammy Mccarthy,20763.48,Utilities,1968.12,16900.92,3862.56,-79.32,75
2023-10,Tammy Mccarthy,20763.48,Supplies,2138.29,16900.92,3862.56,-79.32,76
2023-10,Tammy Mccarthy,20763.48,Travel,1612.55,16900.92,3862.56,-79.32,77
2023-10,Tammy Mccarthy,20763.48,Maintenance,74.43,16900.92,3862.56,-79.32,78
2023-10,Tammy Mccarthy,20763.48,Miscellaneous,330.04,16900.92,3862.56,-79.32,79
2023-11,Tammy Mccarthy,12828.63,Marketing,634.74,10146.46,2682.17,-30.56,80
2023-11,Tammy Mccarthy,12828.63,Salaries,1194.88,10146.46,2682.17,-30.56,81
2023-11,Tammy Mccarthy,12828.63,Rent,4005.02,10146.46,2682.17,-30.56,82
2023-11,Tammy Mccarthy,12828.63,Utilities,482.26,10146.46,2682.17,-30.56,83
2023-11,Tammy Mccarthy,12828.63,Supplies,888.51,10146.46,2682.17,-30.56,84
2023-11,Tammy Mccarthy,12828.63,Travel,2369.36,10146.46,2682.17,-30.56,85
2023-11,Tammy Mccarthy,12828.63,Maintenance,436.96,10146.46,2682.17,-30.56,86
2023-11,Tammy Mccarthy,12828.63,Miscellaneous,134.73,10146.46,2682.17,-30.56,87
2023-12,Tammy Mccarthy,36077.63,Marketing,5089.92,23391.52,12686.11,372.98,88
2023-12,Tammy Mccarthy,36077.63,Salaries,3164.99,23391.52,12686.11,372.98,89
2023-12,Tammy Mccarthy,36077.63,Rent,1923.84,23391.52,12686.11,372.98,90
2023-12,Tammy Mccarthy,36077.63,Utilities,3933.06,23391.52,12686.11,372.98,91
2023-12,Tammy Mccarthy,36077.63,Supplies,3121.05,23391.52,12686.11,372.98,92
2023-12,Tammy Mccarthy,36077.63,Travel,395.88,23391.52,12686.11,372.98,93
2023-12,Tammy Mccarthy,36077.63,Maintenance,4276.79,23391.52,12686.11,372.98,94
2023-12,Tammy Mccarthy,36077.63,Miscellaneous,1485.98,23391.52,12686.11,372.98,95
2023-01,Frank Williams,82669.61,Marketing,4812.57,71825.62,10843.99,0.0,96
2023-01,Frank Williams,82669.61,Salaries,1466.07,71825.62,10843.99,0.0,97
2023-01,Frank Williams,82669.61,Rent,3252.81,71825.62,10843.99,0.0,98
2023-01,Frank Williams,82669.61,Utilities,7004.61,71825.62,10843.99,0.0,99
2023-01,Frank Williams,82669.61,Supplies,21424.48,71825.62,10843.99,0.0,100
2023-01,Frank Williams,82669.61,Travel,24788.29,71825.62,10843.99,0.0,101
2023-01,Frank Williams,82669.61,Maintenance,87.72,71825.62,10843.99,0.0,102
2023-01,Frank Williams,82669.61,Miscellaneous,8989.07,71825.62,10843.99,0.0,103
2023-02,Frank Williams,47566.99,Marketing,414.89,31709.69,15857.3,46.23,104
2023-02,Frank Williams,47566.99,Salaries,1338.49,31709.69,15857.3,46.23,105
2023-02,Frank Williams,47566.99,Rent,9303.64,31709.69,15857.3,46.23,106
2023-02,Frank Williams,47566.99,Utilities,1268.54,31709.69,15857.3,46.23,107
2023-02,Frank Williams,47566.99,Supplies,2376.84,31709.69,15857.3,46.23,108
2023-02,Frank Williams,47566.99,Travel,3945.14,31709.69,15857.3,46.23,109
2023-02,Frank Williams,47566.99,Maintenance,1468.68,31709.69,15857.3,46.23,110
2023-02,Frank Williams,47566.99,Miscellaneous,11593.47,31709.69,15857.3,46.23,111
2023-03,Frank Williams,96620.26,Marketing,13059.32,65270.33,31349.92,97.7,112
2023-03,Frank Williams,96620.26,Salaries,6797.45,65270.33,31349.92,97.7,113
2023-03,Frank Williams,96620.26,Rent,6366.72,65270.33,31349.92,97.7,114
2023-03,Frank Williams,96620.26,Utilities,713.77,65270.33,31349.92,97.7,115
2023-03,Frank Williams,96620.26,Supplies,17860.87,65270.33,31349.92,97.7,116
2023-03,Frank Williams,96620.26,Travel,13265.57,65270.33,31349.92,97.7,117
2023-03,Frank Williams,96620.26,Maintenance,1003.69,65270.33,31349.92,97.7,118
2023-03,Frank Williams,96620.26,Miscellaneous,6202.95,65270.33,31349.92,97.7,119
2023-04,Frank Williams,91743.93,Marketing,1018.52,61639.86,30104.07,-3.97,120
2023-04,Frank Williams,91743.93,Salaries,4374.36,61639.86,30104.07,-3.97,121
2023-04,Frank Williams,91743.93,Rent,27615.2,61639.86,30104.07,-3.97,122
2023-04,Frank Williams,91743.93,Utilities,1803.33,61639.86,30104.07,-3.97,123
2023-04,Frank Williams,91743.93,Supplies,7256.12,61639.86,30104.07,-3.97,124
2023-04,Frank Williams,91743.93,Travel,9330.06,61639.86,30104.07,-3.97,125
2023-04,Frank Williams,91743.93,Maintenance,1765.52,61639.86,30104.07,-3.97,126
2023-04,Frank Williams,91743.93,Miscellaneous,8476.76,61639.86,30104.07,-3.97,127
2023-05,Frank Williams,43100.48,Marketing,6572.86,34036.09,9064.39,-69.89,128
2023-05,Frank Williams,43100.48,Salaries,5024.64,34036.09,9064.39,-69.89,129
2023-05,Frank Williams,43100.48,Rent,619.61,34036.09,9064.39,-69.89,130
2023-05,Frank Williams,43100.48,Utilities,11809.79,34036.09,9064.39,-69.89,131
2023-05,Frank Williams,43100.48,Supplies,2532.73,34036.09,9064.39,-69.89,132
2023-05,Frank Williams,43100.48,Travel,1351.66,34036.09,9064.39,-69.89,133
2023-05,Frank Williams,43100.48,Maintenance,272.58,34036.09,9064.39,-69.89,134
2023-05,Frank Williams,43100.48,Miscellaneous,5852.22,34036.09,9064.39,-69.89,135
2023-06,Frank Williams,70980.79,Marketing,4549.44,42941.7,28039.09,209.33,136
2023-06,Frank Williams,70980.79,Salaries,1628.14,42941.7,28039.09,209.33,137
2023-06,Frank Williams,70980.79,Rent,6568.54,42941.7,28039.09,209.33,138
2023-06,Frank Williams,70980.79,Utilities,1214.68,42941.7,28039.09,209.33,139
2023-06,Frank Williams,70980.79,Supplies,7443.95,42941.7,28039.09,209.33,140
2023-06,Frank Williams,70980.79,Travel,3099.77,42941.7,28039.09,209.33,141
2023-06,Frank Williams,70980.79,Maintenance,17499.28,42941.7,28039.09,209.33,142
2023-06,Frank Williams,70980.79,Miscellaneous,937.9,42941.7,28039.09,209.33,143
2023-07,Frank Williams,40695.97,Marketing,6949.46,25802.96,14893.01,-46.88,144
2023-07,Frank Williams,40695.97,Salaries,5638.52,25802.96,14893.01,-46.88,145
2023-07,Frank Williams,40695.97,Rent,801.65,25802.96,14893.01,-46.88,146
2023-07,Frank Williams,40695.97,Utilities,2898.79,25802.96,14893.01,-46.88,147
2023-07,Frank Williams,40695.97,Supplies,4566.75,25802.96,14893.01,-46.88,148
2023-07,Frank Williams,40695.97,Travel,2176.94,25802.96,14893.01,-46.88,149
2023-07,Frank Williams,40695.97,Maintenance,2026.85,25802.96,14893.01,-46.88,150
2023-07,Frank Williams,40695.97,Miscellaneous,744.01,25802.96,14893.01,-46.88,151
2023-08,Frank Williams,18379.25,Marketing,3227.82,15974.6,2404.65,-83.85,152
2023-08,Frank Williams,18379.25,Salaries,1403.01,15974.6,2404.65,-83.85,153
2023-08,Frank Williams,18379.25,Rent,579.37,15974.6,2404.65,-83.85,154
2023-08,Frank Williams,18379.25,Utilities,601.08,15974.6,2404.65,-83.85,155
2023-08,Frank Williams,18379.25,Supplies,1811.32,15974.6,2404.65,-83.85,156
2023-08,Frank Williams,18379.25,Travel,3182.09,15974.6,2404.65,-83.85,157
2023-08,Frank Williams,18379.25,Maintenance,3052.01,15974.6,2404.65,-83.85,158
2023-08,Frank Williams,18379.25,Miscellaneous,2117.89,15974.6,2404.65,-83.85,159
2023-09,Frank Williams,67782.85,Marketing,1562.15,42380.68,25402.17,956.38,160
2023-09,Frank Williams,67782.85,Salaries,20276.12,42380.68,25402.17,956.38,161
2023-09,Frank Williams,67782.85,Rent,8262.87,42380.68,25402.17,956.38,162
2023-09,Frank Williams,67782.85,Utilities,81.87,42380.68,25402.17,956.38,163
2023-09,Frank Williams,67782.85,Supplies,948.1,42380.68,25402.17,956.38,164
2023-09,Frank Williams,67782.85,Travel,9651.12,42380.68,25402.17,956.38,165
2023-09,Frank Williams,67782.85,Maintenance,44.96,42380.68,25402.17,956.38,166
2023-09,Frank Williams,67782.85,Miscellaneous,1553.48,42380.68,25402.17,956.38,167
2023-10,Frank Williams,59386.04,Marketing,6719.97,47958.3,11427.74,-55.01,168
2023-10,Frank Williams,59386.04,Salaries,1616.89,47958.3,11427.74,-55.01,169
2023-10,Frank Williams,59386.04,Rent,7929.54,47958.3,11427.74,-55.01,170
2023-10,Frank Williams,59386.04,Utilities,1724.33,47958.3,11427.74,-55.01,171
2023-10,Frank Williams,59386.04,Supplies,2506.26,47958.3,11427.74,-55.01,172
2023-10,Frank Williams,59386.04,Travel,8737.76,47958.3,11427.74,-55.01,173
2023-10,Frank Williams,59386.04,Maintenance,6677.51,47958.3,11427.74,-55.01,174
2023-10,Frank Williams,59386.04,Miscellaneous,12046.03,47958.3,11427.74,-55.01,175
2023-11,Frank Williams,69185.16,Marketing,618.31,53306.65,15878.51,38.95,176
2023-11,Frank Williams,69185.16,Salaries,2881.77,53306.65,15878.51,38.95,177
2023-11,Frank Williams,69185.16,Rent,1937.21,53306.65,15878.51,38.95,178
2023-11,Frank Williams,69185.16,Utilities,1758.3,53306.65,15878.51,38.95,179
2023-11,Frank Williams,69185.16,Supplies,22708.31,53306.65,15878.51,38.95,180
2023-11,Frank Williams,69185.16,Travel,3139.33,53306.65,15878.51,38.95,181
2023-11,Frank Williams,69185.16,Maintenance,13993.81,53306.65,15878.51,38.95,182
2023-11,Frank Williams,69185.16,Miscellaneous,6269.61,53306.65,15878.51,38.95,183
2023-12,Frank Williams,81533.02,Marketing,11388.25,61214.27,20318.75,27.96,184
2023-12,Frank Williams,81533.02,Salaries,8980.43,61214.27,20318.75,27.96,185
2023-12,Frank Williams,81533.02,Rent,2875.87,61214.27,20318.75,27.96,186
2023-12,Frank Williams,81533.02,Utilities,16970.2,61214.27,20318.75,27.96,187
2023-12,Frank Williams,81533.02,Supplies,4363.52,61214.27,20318.75,27.96,188
2023-12,Frank Williams,81533.02,Travel,325.92,61214.27,20318.75,27.96,189
2023-12,Frank Williams,81533.02,Maintenance,13729.2,61214.27,20318.75,27.96,190
2023-12,Frank Williams,81533.02,Miscellaneous,2580.87,61214.27,20318.75,27.96,191
2023-01,Edwin Schultz,94641.27,Marketing,13990.73,83869.07,10772.2,0.0,192
2023-01,Edwin Schultz,94641.27,Salaries,2625.42,83869.07,10772.2,0.0,193
2023-01,Edwin Schultz,94641.27,Rent,88.47,83869.07,10772.2,0.0,194
2023-01,Edwin Schultz,94641.27,Utilities,14967.62,83869.07,10772.2,0.0,195
2023-01,Edwin Schultz,94641.27,Supplies,3174.31,83869.07,10772.2,0.0,196
2023-01,Edwin Schultz,94641.27,Travel,19314.01,83869.07,10772.2,0.0,197
2023-01,Edwin Schultz,94641.27,Maintenance,18819.32,83869.07,10772.2,0.0,198
2023-01,Edwin Schultz,94641.27,Miscellaneous,10889.19,83869.07,10772.2,0.0,199
2023-02,Edwin Schultz,36500.4,Marketing,6086.03,26117.11,10383.29,-3.61,200
2023-02,Edwin Schultz,36500.4,Salaries,1217.85,26117.11,10383.29,-3.61,201
2023-02,Edwin Schultz,36500.4,Rent,593.41,26117.11,10383.29,-3.61,202
2023-02,Edwin Schultz,36500.4,Utilities,2600.07,26117.11,10383.29,-3.61,203
2023-02,Edwin Schultz,36500.4,Supplies,8791.01,26117.11,10383.29,-3.61,204
2023-02,Edwin Schultz,36500.4,Travel,3804.96,26117.11,10383.29,-3.61,205
2023-02,Edwin Schultz,36500.4,Maintenance,2697.13,26117.11,10383.29,-3.61,206
2023-02,Edwin Schultz,36500.4,Miscellaneous,326.64,26117.11,10383.29,-3.61,207
2023-03,Edwin Schultz,65350.65,Marketing,1174.99,58620.59,6730.06,-35.18,208
2023-03,Edwin Schultz,65350.65,Salaries,5687.26,58620.59,6730.06,-35.18,209
2023-03,Edwin Schultz,65350.65,Rent,16338.68,58620.59,6730.06,-35.18,210
2023-03,Edwin Schultz,65350.65,Utilities,10510.67,58620.59,6730.06,-35.18,211
2023-03,Edwin Schultz,65350.65,Supplies,9296.44,58620.59,6730.06,-35.18,212
2023-03,Edwin Schultz,65350.65,Travel,9438.24,58620.59,6730.06,-35.18,213
2023-03,Edwin Schultz,65350.65,Maintenance,3468.37,58620.59,6730.06,-35.18,214
2023-03,Edwin Schultz,65350.65,Miscellaneous,2705.94,58620.59,6730.06,-35.18,215
2023-04,Edwin Schultz,82842.5,Marketing,12444.65,69839.05,13003.45,93.21,216
2023-04,Edwin Schultz,82842.5,Salaries,15075.89,69839.05,13003.45,93.21,217
2023-04,Edwin Schultz,82842.5,Rent,4416.13,69839.05,13003.45,93.21,218
2023-04,Edwin Schultz,82842.5,Utilities,4293.35,69839.05,13003.45,93.21,219
2023-04,Edwin Schultz,82842.5,Supplies,9873.02,69839.05,13003.45,93.21,220
2023-04,Edwin Schultz,82842.5,Travel,6473.59,69839.05,13003.45,93.21,221
2023-04,Edwin Schultz,82842.5,Maintenance,7465.44,69839.05,13003.45,93.21,222
2023-04,Edwin Schultz,82842.5,Miscellaneous,9796.98,69839.05,13003.45,93.21,223
2023-05,Edwin Schultz,90100.48,Marketing,7241.56,63196.35,26904.13,106.9,224
2023-05,Edwin Schultz,90100.48,Salaries,1517.64,63196.35,26904.13,106.9,225
2023-05,Edwin Schultz,90100.48,Rent,13276.66,63196.35,26904.13,106.9,226
2023-05,Edwin Schultz,90100.48,Utilities,562.86,63196.35,26904.13,106.9,227
2023-05,Edwin Schultz,90100.48,Supplies,9635.29,63196.35,26904.13,106.9,228
2023-05,Edwin Schultz,90100.48,Travel,12029.29,63196.35,26904.13,106.9,229
2023-05,Edwin Schultz,90100.48,Maintenance,5191.72,63196.35,26904.13,106.9,230
2023-05,Edwin Schultz,90100.48,Miscellaneous,13741.32,63196.35,26904.13,106.9,231
2023-06,Edwin Schultz,12745.02,Marketing,2311.61,7789.81,4955.21,-81.58,232
2023-06,Edwin Schultz,12745.02,Salaries,596.95,7789.81,4955.21,-81.58,233
2023-06,Edwin Schultz,12745.02,Rent,181.64,7789.81,4955.21,-81.58,234
2023-06,Edwin Schultz,12745.02,Utilities,987.35,7789.81,4955.21,-81.58,235
2023-06,Edwin Schultz,12745.02,Supplies,1964.47,7789.81,4955.21,-81.58,236
2023-06,Edwin Schultz,12745.02,Travel,324.97,7789.81,4955.21,-81.58,237
2023-06,Edwin Schultz,12745.02,Maintenance,1303.57,7789.81,4955.21,-81.58,238
2023-06,Edwin Schultz,12745.02,Miscellaneous,119.25,7789.81,4955.21,-81.58,239
2023-07,Edwin Schultz,14651.35,Marketing,880.61,11126.33,3525.02,-28.86,240
2023-07,Edwin Schultz,14651.35,Salaries,1148.47,11126.33,3525.02,-28.86,241
2023-07,Edwin Schultz,14651.35,Rent,1465.92,11126.33,3525.02,-28.86,242
2023-07,Edwin Schultz,14651.35,Utilities,4215.12,11126.33,3525.02,-28.86,243
2023-07,Edwin Schultz,14651.35,Supplies,822.17,11126.33,3525.02,-28.86,244
2023-07,Edwin Schultz,14651.35,Travel,441.51,11126.33,3525.02,-28.86,245
2023-07,Edwin Schultz,14651.35,Maintenance,1794.98,11126.33,3525.02,-28.86,246
2023-07,Edwin Schultz,14651.35,Miscellaneous,357.55,11126.33,3525.02,-28.86,247
2023-08,Edwin Schultz,49507.43,Marketing,105.89,30869.71,18637.72,428.73,248
2023-08,Edwin Schultz,49507.43,Salaries,13556.47,30869.71,18637.72,428.73,249
2023-08,Edwin Schultz,49507.43,Rent,7454.85,30869.71,18637.72,428.73,250
2023-08,Edwin Schultz,49507.43,Utilities,4909.96,30869.71,18637.72,428.73,251
2023-08,Edwin Schultz,49507.43,Supplies,2168.53,30869.71,18637.72,428.73,252
2023-08,Edwin Schultz,49507.43,Travel,784.78,30869.71,18637.72,428.73,253
2023-08,Edwin Schultz,49507.43,Maintenance,701.54,30869.71,18637.72,428.73,254
2023-08,Edwin Schultz,49507.43,Miscellaneous,1187.68,30869.71,18637.72,428.73,255
2023-09,Edwin Schultz,59430.4,Marketing,6198.62,48398.86,11031.54,-40.81,256
2023-09,Edwin Schultz,59430.4,Salaries,1885.98,48398.86,11031.54,-40.81,257
2023-09,Edwin Schultz,59430.4,Rent,17791.5,48398.86,11031.54,-40.81,258
2023-09,Edwin Schultz,59430.4,Utilities,7689.58,48398.86,11031.54,-40.81,259
2023-09,Edwin Schultz,59430.4,Supplies,4641.43,48398.86,11031.54,-40.81,260
2023-09,Edwin Schultz,59430.4,Travel,5432.77,48398.86,11031.54,-40.81,261
2023-09,Edwin Schultz,59430.4,Maintenance,3124.25,48398.86,11031.54,-40.81,262
2023-09,Edwin Schultz,59430.4,Miscellaneous,1634.73,48398.86,11031.54,-40.81,263
2023-10,Edwin Schultz,42037.54,Marketing,122.31,34779.92,7257.62,-34.21,264
2023-10,Edwin Schultz,42037.54,Salaries,1040.85,34779.92,7257.62,-34.21,265
2023-10,Edwin Schultz,42037.54,Rent,397.29,34779.92,7257.62,-34.21,266
2023-10,Edwin Schultz,42037.54,Utilities,350.79,34779.92,7257.62,-34.21,267
2023-10,Edwin Schultz,42037.54,Supplies,16317.17,34779.92,7257.62,-34.21,268
2023-10,Edwin Schultz,42037.54,Travel,10260.35,34779.92,7257.62,-34.21,269
2023-10,Edwin Schultz,42037.54,Maintenance,5422.61,34779.92,7257.62,-34.21,270
2023-10,Edwin Schultz,42037.54,Miscellaneous,868.56,34779.92,7257.62,-34.21,271
2023-11,Edwin Schultz,54245.43,Marketing,1618.17,40252.36,13993.07,92.81,272
2023-11,Edwin Schultz,54245.43,Salaries,4840.17,40252.36,13993.07,92.81,273
2023-11,Edwin Schultz,54245.43,Rent,4324.91,40252.36,13993.07,92.81,274
2023-11,Edwin Schultz,54245.43,Utilities,8139.76,40252.36,13993.07,92.81,275
2023-11,Edwin Schultz,54245.43,Supplies,8577.0,40252.36,13993.07,92.81,276
2023-11,Edwin Schultz,54245.43,Travel,394.45,40252.36,13993.07,92.81,277
2023-11,Edwin Schultz,54245.43,Maintenance,3993.5,40252.36,13993.07,92.81,278
2023-11,Edwin Schultz,54245.43,Miscellaneous,8364.39,40252.36,13993.07,92.81,279
2023-12,Edwin Schultz,55282.26,Marketing,7341.55,47373.97,7908.3,-43.48,280
2023-12,Edwin Schultz,55282.26,Salaries,1214.65,47373.97,7908.3,-43.48,281
2023-12,Edwin Schultz,55282.26,Rent,499.8,47373.97,7908.3,-43.48,282
2023-12,Edwin Schultz,55282.26,Utilities,7023.43,47373.97,7908.3,-43.48,283
2023-12,Edwin Schultz,55282.26,Supplies,183.5,47373.97,7908.3,-43.48,284
2023-12,Edwin Schultz,55282.26,Travel,6019.17,47373.97,7908.3,-43.48,285
2023-12,Edwin Schultz,55282.26,Maintenance,19240.47,47373.97,7908.3,-43.48,286
2023-12,Edwin Schultz,55282.26,Miscellaneous,5851.4,47373.97,7908.3,-43.48,287
2023-01,Lawrence Taylor,44935.29,Marketing,2055.81,35633.08,9302.21,0.0,288
2023-01,Lawrence Taylor,44935.29,Salaries,2645.63,35633.08,9302.21,0.0,289
2023-01,Lawrence Taylor,44935.29,Rent,9518.88,35633.08,9302.21,0.0,290
2023-01,Lawrence Taylor,44935.29,Utilities,1636.48,35633.08,9302.21,0.0,291
2023-01,Lawrence Taylor,44935.29,Supplies,10897.23,35633.08,9302.21,0.0,292
2023-01,Lawrence Taylor,44935.29,Travel,7907.15,35633.08,9302.21,0.0,293
2023-01,Lawrence Taylor,44935.29,Maintenance,730.81,35633.08,9302.21,0.0,294
2023-01,Lawrence Taylor,44935.29,Miscellaneous,241.09,35633.08,9302.21,0.0,295
2023-02,Lawrence Taylor,19070.02,Marketing,204.22,11546.26,7523.76,-19.12,296
2023-02,Lawrence Taylor,19070.02,Salaries,2365.08,11546.26,7523.76,-19.12,297
2023-02,Lawrence Taylor,19070.02,Rent,152.03,11546.26,7523.76,-19.12,298
2023-02,Lawrence Taylor,19070.02,Utilities,790.83,11546.26,7523.76,-19.12,299
2023-02,Lawrence Taylor,19070.02,Supplies,3836.27,11546.26,7523.76,-19.12,300
2023-02,Lawrence Taylor,19070.02,Travel,48.47,11546.26,7523.76,-19.12,301
2023-02,Lawrence Taylor,19070.02,Maintenance,3467.79,11546.26,7523.76,-19.12,302
2023-02,Lawrence Taylor,19070.02,Miscellaneous,681.57,11546.26,7523.76,-19.12,303
2023-03,Lawrence Taylor,20634.83,Marketing,1722.97,16694.02,3940.82,-47.62,304
2023-03,Lawrence Taylor,20634.83,Salaries,3648.62,16694.02,3940.82,-47.62,305
2023-03,Lawrence Taylor,20634.83,Rent,2308.47,16694.02,3940.82,-47.62,306
2023-03,Lawrence Taylor,20634.83,Utilities,2827.59,16694.02,3940.82,-47.62,307
2023-03,Lawrence Taylor,20634.83,Supplies,575.83,16694.02,3940.82,-47.62,308
2023-03,Lawrence Taylor,20634.83,Travel,339.47,16694.02,3940.82,-47.62,309
2023-03,Lawrence Taylor,20634.83,Maintenance,2413.55,16694.02,3940.82,-47.62,310
2023-03,Lawrence Taylor,20634.83,Miscellaneous,2857.51,16694.02,3940.82,-47.62,311
2023-04,Lawrence Taylor,99145.46,Marketing,3222.68,71760.03,27385.43,594.92,312
2023-04,Lawrence Taylor,99145.46,Salaries,10376.12,71760.03,27385.43,594.92,313
2023-04,Lawrence Taylor,99145.46,Rent,2886.65,71760.03,27385.43,594.92,314
2023-04,Lawrence Taylor,99145.46,Utilities,18495.66,71760.03,27385.43,594.92,315
2023-04,Lawrence Taylor,99145.46,Supplies,13540.89,71760.03,27385.43,594.92,316
2023-04,Lawrence Taylor,99145.46,Travel,3881.5,71760.03,27385.43,594.92,317
2023-04,Lawrence Taylor,99145.46,Maintenance,9626.84,71760.03,27385.43,594.92,318
2023-04,Lawrence Taylor,99145.46,Miscellaneous,9729.69,71760.03,27385.43,594.92,319
2023-05,Lawrence Taylor,19281.15,Marketing,1466.39,16789.37,2491.78,-90.9,320
2023-05,Lawrence Taylor,19281.15,Salaries,3649.43,16789.37,2491.78,-90.9,321
2023-05,Lawrence Taylor,19281.15,Rent,803.8,16789.37,2491.78,-90.9,322
2023-05,Lawrence Taylor,19281.15,Utilities,4706.87,16789.37,2491.78,-90.9,323
2023-05,Lawrence Taylor,19281.15,Supplies,1027.29,16789.37,2491.78,-90.9,324
2023-05,Lawrence Taylor,19281.15,Travel,22.71,16789.37,2491.78,-90.9,325
2023-05,Lawrence Taylor,19281.15,Maintenance,4913.41,16789.37,2491.78,-90.9,326
2023-05,Lawrence Taylor,19281.15,Miscellaneous,199.47,16789.37,2491.78,-90.9,327
2023-06,Lawrence Taylor,38738.23,Marketing,11837.27,34284.05,4454.18,78.75,328
2023-06,Lawrence Taylor,38738.23,Salaries,3352.89,34284.05,4454.18,78.75,329
2023-06,Lawrence Taylor,38738.23,Rent,3932.3,34284.05,4454.18,78.75,330
2023-06,Lawrence Taylor,38738.23,Utilities,2341.58,34284.05,4454.18,78.75,331
2023-06,Lawrence Taylor,38738.23,Supplies,1365.65,34284.05,4454.18,78.75,332
2023-06,Lawrence Taylor,38738.23,Travel,1568.18,34284.05,4454.18,78.75,333
2023-06,Lawrence Taylor,38738.23,Maintenance,4393.1,34284.05,4454.18,78.75,334
2023-06,Lawrence Taylor,38738.23,Miscellaneous,5493.08,34284.05,4454.18,78.75,335
2023-07,Lawrence Taylor,81242.11,Marketing,1310.89,67990.34,13251.77,197.51,336
2023-07,Lawrence Taylor,81242.11,Salaries,9348.78,67990.34,13251.77,197.51,337
2023-07,Lawrence Taylor,81242.11,Rent,812.57,67990.34,13251.77,197.51,338
2023-07,Lawrence Taylor,81242.11,Utilities,10930.72,67990.34,13251.77,197.51,339
2023-07,Lawrence Taylor,81242.11,Supplies,7985.03,67990.34,13251.77,197.51,340
2023-07,Lawrence Taylor,81242.11,Travel,29971.76,67990.34,13251.77,197.51,341
2023-07,Lawrence Taylor,81242.11,Maintenance,5924.01,67990.34,13251.77,197.51,342
2023-07,Lawrence Taylor,81242.11,Miscellaneous,1706.59,67990.34,13251.77,197.51,343
2023-08,Lawrence Taylor,22869.25,Marketing,3332.02,18946.1,3923.15,-70.4,344
2023-08,Lawrence Taylor,22869.25,Salaries,368.91,18946.1,3923.15,-70.4,345
2023-08,Lawrence Taylor,22869.25,Rent,304.01,18946.1,3923.15,-70.4,346
2023-08,Lawrence Taylor,22869.25,Utilities,4177.39,18946.1,3923.15,-70.4,347
2023-08,Lawrence Taylor,22869.25,Supplies,261.42,18946.1,3923.15,-70.4,348
2023-08,Lawrence Taylor,22869.25,Travel,5969.79,18946.1,3923.15,-70.4,349
2023-08,Lawrence Taylor,22869.25,Maintenance,4238.96,18946.1,3923.15,-70.4,350
2023-08,Lawrence Taylor,22869.25,Miscellaneous,293.61,18946.1,3923.15,-70.4,351
2023-09,Lawrence Taylor,17635.39,Marketing,629.01,15801.17,1834.22,-53.25,352
2023-09,Lawrence Taylor,17635.39,Salaries,621.25,15801.17,1834.22,-53.25,353
2023-09,Lawrence Taylor,17635.39,Rent,2248.02,15801.17,1834.22,-53.25,354
2023-09,Lawrence Taylor,17635.39,Utilities,3947.32,15801.17,1834.22,-53.25,355
2023-09,Lawrence Taylor,17635.39,Supplies,5727.15,15801.17,1834.22,-53.25,356
2023-09,Lawrence Taylor,17635.39,Travel,1878.16,15801.17,1834.22,-53.25,357
2023-09,Lawrence Taylor,17635.39,Maintenance,633.28,15801.17,1834.22,-53.25,358
2023-09,Lawrence Taylor,17635.39,Miscellaneous,116.98,15801.17,1834.22,-53.25,359
2023-10,Lawrence Taylor,79943.22,Marketing,7452.74,61358.12,18585.1,913.24,360
2023-10,Lawrence Taylor,79943.22,Salaries,31972.44,61358.12,18585.1,913.24,361
2023-10,Lawrence Taylor,79943.22,Rent,1591.44,61358.12,18585.1,913.24,362
2023-10,Lawrence Taylor,79943.22,Utilities,9160.17,61358.12,18585.1,913.24,363
2023-10,Lawrence Taylor,79943.22,Supplies,154.16,61358.12,18585.1,913.24,364
2023-10,Lawrence Taylor,79943.22,Travel,8537.11,61358.12,18585.1,913.24,365
2023-10,Lawrence Taylor,79943.22,Maintenance,782.36,61358.12,18585.1,913.24,366
2023-10,Lawrence Taylor,79943.22,Miscellaneous,1707.69,61358.12,18585.1,913.24,367
2023-11,Lawrence Taylor,20577.36,Marketing,1881.62,16354.13,4223.23,-77.28,368
2023-11,Lawrence Taylor,20577.36,Salaries,1202.0,16354.13,4223.23,-77.28,369
2023-11,Lawrence Taylor,20577.36,Rent,4495.68,16354.13,4223.23,-77.28,370
2023-11,Lawrence Taylor,20577.36,Utilities,644.96,16354.13,4223.23,-77.28,371
2023-11,Lawrence Taylor,20577.36,Supplies,461.92,16354.13,4223.23,-77.28,372
2023-11,Lawrence Taylor,20577.36,Travel,2786.19,16354.13,4223.23,-77.28,373
2023-11,Lawrence Taylor,20577.36,Maintenance,347.44,16354.13,4223.23,-77.28,374
2023-11,Lawrence Taylor,20577.36,Miscellaneous,4534.32,16354.13,4223.23,-77.28,375
2023-12,Lawrence Taylor,11093.9,Marketing,33.35,9884.26,1209.64,-71.36,376
2023-12,Lawrence Taylor,11093.9,Salaries,1676.32,9884.26,1209.64,-71.36,377
2023-12,Lawrence Taylor,11093.9,Rent,567.01,9884.26,1209.64,-71.36,378
2023-12,Lawrence Taylor,11093.9,Utilities,3746.74,9884.26,1209.64,-71.36,379
2023-12,Lawrence Taylor,11093.9,Supplies,57.95,9884.26,1209.64,-71.36,380
2023-12,Lawrence Taylor,11093.9,Travel,610.07,9884.26,1209.64,-71.36,381
2023-12,Lawrence Taylor,11093.9,Maintenance,2633.14,9884.26,1209.64,-71.36,382
2023-12,Lawrence Taylor,11093.9,Miscellaneous,559.68,9884.26,1209.64,-71.36,383
2023-01,Sarah Lee,66645.88,Marketing,3148.57,53898.16,12747.72,0.0,384
2023-01,Sarah Lee,66645.88,Salaries,5130.53,53898.16,12747.72,0.0,385
2023-01,Sarah Lee,66645.88,Rent,4559.92,53898.16,12747.72,0.0,386
2023-01,Sarah Lee,66645.88,Utilities,12021.42,53898.16,12747.72,0.0,387
2023-01,Sarah Lee,66645.88,Supplies,241.61,53898.16,12747.72,0.0,388
2023-01,Sarah Lee,66645.88,Travel,1713.39,53898.16,12747.72,0.0,389
2023-01,Sarah Lee,66645.88,Maintenance,15604.44,53898.16,12747.72,0.0,390
2023-01,Sarah Lee,66645.88,Miscellaneous,11478.29,53898.16,12747.72,0.0,391
2023-02,Sarah Lee,51009.11,Marketing,1240.76,40095.19,10913.92,-14.39,392
2023-02,Sarah Lee,51009.11,Salaries,795.94,40095.19,10913.92,-14.39,393
2023-02,Sarah Lee,51009.11,Rent,2379.59,40095.19,10913.92,-14.39,394
2023-02,Sarah Lee,51009.11,Utilities,1665.0,40095.19,10913.92,-14.39,395
2023-02,Sarah Lee,51009.11,Supplies,3346.56,40095.19,10913.92,-14.39,396
2023-02,Sarah Lee,51009.11,Travel,309.06,40095.19,10913.92,-14.39,397
2023-02,Sarah Lee,51009.11,Maintenance,13997.27,40095.19,10913.92,-14.39,398
2023-02,Sarah Lee,51009.11,Miscellaneous,16361.0,40095.19,10913.92,-14.39,399
2023-03,Sarah Lee,72834.55,Marketing,1737.04,55414.63,17419.92,59.61,400
2023-03,Sarah Lee,72834.55,Salaries,7883.29,55414.63,17419.92,59.61,401
2023-03,Sarah Lee,72834.55,Rent,5413.7,55414.63,17419.92,59.61,402
2023-03,Sarah Lee,72834.55,Utilities,832.33,55414.63,17419.92,59.61,403
2023-03,Sarah Lee,72834.55,Supplies,11341.6,55414.63,17419.92,59.61,404
2023-03,Sarah Lee,72834.55,Travel,8108.82,55414.63,17419.92,59.61,405
2023-03,Sarah Lee,72834.55,Maintenance,14030.97,55414.63,17419.92,59.61,406
2023-03,Sarah Lee,72834.55,Miscellaneous,6066.88,55414.63,17419.92,59.61,407
2023-04,Sarah Lee,65207.37,Marketing,11155.32,47306.18,17901.19,2.76,408
2023-04,Sarah Lee,65207.37,Salaries,8309.16,47306.18,17901.19,2.76,409
2023-04,Sarah Lee,65207.37,Rent,191.25,47306.18,17901.19,2.76,410
2023-04,Sarah Lee,65207.37,Utilities,110.44,47306.18,17901.19,2.76,411
2023-04,Sarah Lee,65207.37,Supplies,1952.26,47306.18,17901.19,2.76,412
2023-04,Sarah Lee,65207.37,Travel,6876.03,47306.18,17901.19,2.76,413
2023-04,Sarah Lee,65207.37,Maintenance,18037.99,47306.18,17901.19,2.76,414
2023-04,Sarah Lee,65207.37,Miscellaneous,673.73,47306.18,17901.19,2.76,415
2023-05,Sarah Lee,63471.76,Marketing,14820.38,45335.8,18135.96,1.31,416
2023-05,Sarah Lee,63471.76,Salaries,7808.05,45335.8,18135.96,1.31,417
2023-05,Sarah Lee,63471.76,Rent,7707.71,45335.8,18135.96,1.31,418
2023-05,Sarah Lee,63471.76,Utilities,2675.06,45335.8,18135.96,1.31,419
2023-05,Sarah Lee,63471.76,Supplies,2266.54,45335.8,18135.96,1.31,420
2023-05,Sarah Lee,63471.76,Travel,1350.99,45335.8,18135.96,1.31,421
2023-05,Sarah Lee,63471.76,Maintenance,245.45,45335.8,18135.96,1.31,422
2023-05,Sarah Lee,63471.76,Miscellaneous,8461.63,45335.8,18135.96,1.31,423
2023-06,Sarah Lee,83161.09,Marketing,30921.55,74837.94,8323.15,-54.11,424
2023-06,Sarah Lee,83161.09,Salaries,4401.61,74837.94,8323.15,-54.11,425
2023-06,Sarah Lee,83161.09,Rent,7956.07,74837.94,8323.15,-54.11,426
2023-06,Sarah Lee,83161.09,Utilities,15725.39,74837.94,8323.15,-54.11,427
2023-06,Sarah Lee,83161.09,Supplies,10288.08,74837.94,8323.15,-54.11,428
2023-06,Sarah Lee,83161.09,Travel,1542.87,74837.94,8323.15,-54.11,429
2023-06,Sarah Lee,83161.09,Maintenance,3251.46,74837.94,8323.15,-54.11,430
2023-06,Sarah Lee,83161.09,Miscellaneous,750.91,74837.94,8323.15,-54.11,431
2023-07,Sarah Lee,95864.59,Marketing,3124.29,74951.96,20912.63,151.26,432
2023-07,Sarah Lee,95864.59,Salaries,13404.75,74951.96,20912.63,151.26,433
2023-07,Sarah Lee,95864.59,Rent,11585.57,74951.96,20912.63,151.26,434
2023-07,Sarah Lee,95864.59,Utilities,5336.49,74951.96,20912.63,151.26,435
2023-07,Sarah Lee,95864.59,Supplies,1450.67,74951.96,20912.63,151.26,436
2023-07,Sarah Lee,95864.59,Travel,13400.07,74951.96,20912.63,151.26,437
2023-07,Sarah Lee,95864.59,Maintenance,8840.91,74951.96,20912.63,151.26,438
2023-07,Sarah Lee,95864.59,Miscellaneous,17809.22,74951.96,20912.63,151.26,439
2023-08,Sarah Lee,56814.72,Marketing,5752.64,48613.76,8200.95,-60.78,440
2023-08,Sarah Lee,56814.72,Salaries,5898.55,48613.76,8200.95,-60.78,441
2023-08,Sarah Lee,56814.72,Rent,14996.98,48613.76,8200.95,-60.78,442
2023-08,Sarah Lee,56814.72,Utilities,3702.36,48613.76,8200.95,-60.78,443
2023-08,Sarah Lee,56814.72,Supplies,1031.12,48613.76,8200.95,-60.78,444
2023-08,Sarah Lee,56814.72,Travel,209.29,48613.76,8200.95,-60.78,445
2023-08,Sarah Lee,56814.72,Maintenance,10083.16,48613.76,8200.95,-60.78,446
2023-08,Sarah Lee,56814.72,Miscellaneous,6939.67,48613.76,8200.95,-60.78,447
2023-09,Sarah Lee,73367.18,Marketing,1339.6,48707.68,24659.5,200.69,448
2023-09,Sarah Lee,73367.18,Salaries,133.87,48707.68,24659.5,200.69,449
2023-09,Sarah Lee,73367.18,Rent,3944.33,48707.68,24659.5,200.69,450
2023-09,Sarah Lee,73367.18,Utilities,8144.7,48707.68,24659.5,200.69,451
2023-09,Sarah Lee,73367.18,Supplies,4550.06,48707.68,24659.5,200.69,452
2023-09,Sarah Lee,73367.18,Travel,5256.7,48707.68,24659.5,200.69,453
2023-09,Sarah Lee,73367.18,Maintenance,21426.84,48707.68,24659.5,200.69,454
2023-09,Sarah Lee,73367.18,Miscellaneous,3911.58,48707.68,24659.5,200.69,455
2023-10,Sarah Lee,56259.05,Marketing,2327.68,46981.71,9277.35,-62.38,456
2023-10,Sarah Lee,56259.05,Salaries,4484.53,46981.71,9277.35,-62.38,457
2023-10,Sarah Lee,56259.05,Rent,9139.39,46981.71,9277.35,-62.38,458
2023-10,Sarah Lee,56259.05,Utilities,13761.98,46981.71,9277.35,-62.38,459
2023-10,Sarah Lee,56259.05,Supplies,733.14,46981.71,9277.35,-62.38,460
2023-10,Sarah Lee,56259.05,Travel,12035.96,46981.71,9277.35,-62.38,461
2023-10,Sarah Lee,56259.05,Maintenance,3122.3,46981.71,9277.35,-62.38,462
2023-10,Sarah Lee,56259.05,Miscellaneous,1376.73,46981.71,9277.35,-62.38,463
2023-11,Sarah Lee,51322.22,Marketing,10832.4,45882.56,5439.65,-41.37,464
2023-11,Sarah Lee,51322.22,Salaries,6364.07,45882.56,5439.65,-41.37,465
2023-11,Sarah Lee,51322.22,Rent,16021.08,45882.56,5439.65,-41.37,466
2023-11,Sarah Lee,51322.22,Utilities,4384.56,45882.56,5439.65,-41.37,467
2023-11,Sarah Lee,51322.22,Supplies,1259.6,45882.56,5439.65,-41.37,468
2023-11,Sarah Lee,51322.22,Travel,2202.83,45882.56,5439.65,-41.37,469
2023-11,Sarah Lee,51322.22,Maintenance,2187.56,45882.56,5439.65,-41.37,470
2023-11,Sarah Lee,51322.22,Miscellaneous,2630.46,45882.56,5439.65,-41.37,471
2023-12,Sarah Lee,22494.45,Marketing,703.71,17821.5,4672.94,-14.09,472
2023-12,Sarah Lee,22494.45,Salaries,1486.8,17821.5,4672.94,-14.09,473
2023-12,Sarah Lee,22494.45,Rent,7960.79,17821.5,4672.94,-14.09,474
2023-12,Sarah Lee,22494.45,Utilities,2251.84,17821.5,4672.94,-14.09,475
2023-12,Sarah Lee,22494.45,Supplies,3860.52,17821.5,4672.94,-14.09,476
2023-12,Sarah Lee,22494.45,Travel,662.98,17821.5,4672.94,-14.09,477
2023-12,Sarah Lee,22494.45,Maintenance,748.59,17821.5,4672.94,-14.09,478
2023-12,Sarah Lee,22494.45,Miscellaneous,146.27,17821.5,4672.94,-14.09,479
